variable,relative_importance,scaled_importance,percentage
DiabetesPedigreeFunction,3080.041015625,1.0,0.17984273090428668
BMI,2888.76806640625,0.937899220092062,0.16867435705435704
Glucose,2624.662109375,0.8521516746238541,0.15325328430901503
BloodPressure,2253.783447265625,0.7317381281068066,0.13159778326551888
Pregnancies,2052.2939453125,0.6663203297947153,0.11983286776732655
SkinThickness,1945.548095703125,0.6316630479378001,0.11360000755245932
Insulin,1900.2601318359375,0.6169593593708484,0.1109556560462126
Outcome,380.9457092285156,0.12368202478343113,0.02224331310082392
