variable,relative_importance,scaled_importance,percentage
Na_to_K,281.7366638183594,1.0,0.6166805468110647
BP,106.50563049316406,0.37803255369641964,0.23312532192589122
Age,38.76179885864258,0.13758166343459294,0.08484393543802064
Cholesterol,28.404808044433594,0.10082041740490928,0.06217399013497924
Sex,1.4510812759399414,0.005150487892748951,0.0031762056900441916
