variable,relative_importance,scaled_importance,percentage
DiabetesPedigreeFunction,3332.965087890625,1.0,0.18285765834921766
BMI,3079.207763671875,0.9238643917571461,0.168935679308936
Glucose,2846.827880859375,0.8541427245075293,0.15618653849946773
Pregnancies,2306.773681640625,0.6921085642395797,0.12655735138028862
BloodPressure,2289.416015625,0.6869006891020065,0.12560505152765689
SkinThickness,2075.391845703125,0.6226863441334767,0.11386296677428265
Insulin,1777.5322265625,0.5333185856103488,0.09752138771882515
Outcome,518.9869384765625,0.15571328375510235,0.02847336644132529
