variable,relative_importance,scaled_importance,percentage
Na_to_K,294.4527893066406,1.0,0.660168534993484
BP,113.31246185302734,0.3848238697953875,0.25404861035334425
Cholesterol,22.91897201538086,0.07783581221746634,0.05138475412163268
Age,15.342451095581055,0.05210496097424826,0.03439805575226213
Sex,1.997275285248179e-05,6.783006844497009e-08,4.4779276913823655e-08
