variable,relative_importance,scaled_importance,percentage
Na_to_K,294.7641296386719,1.0,0.6033950817284115
BP,131.34027099609375,0.4455775238224998,0.2688592864032205
Cholesterol,31.423818588256836,0.1066066574205512,0.06432593276706626
Age,30.435619354248047,0.10325414897517102,0.06230304565967088
Sex,0.5454956293106079,0.0018506174071427485,0.0011166534416309196
